"site_id","user_id","assigned_at"
"657aca88-207c-474c-9abc-1af2429cad74","240bc314-dfdc-41e1-a45f-c4c573a44788",2026-07-29 10:38:50.419
c211b70d-7f1d-43df-a4f0-1e93123ede1d,"986b9165-20b2-4ea1-b09f-498a58979161",2026-07-31 11:02:16.976
"657aca88-207c-474c-9abc-1af2429cad74",aa93b9b6-4dc0-48dc-9614-f0b955445b40,2026-07-31 17:05:22.047
"657aca88-207c-474c-9abc-1af2429cad74","986b9165-20b2-4ea1-b09f-498a58979161",2026-07-31 17:05:22.047
"657aca88-207c-474c-9abc-1af2429cad74",f721fdd2-47ce-45a6-838e-5ac2aed4cd75,2026-07-31 17:05:22.047
"657aca88-207c-474c-9abc-1af2429cad74","2ecb59a4-bc4c-4784-8741-2f8bcf5c2a65",2026-07-31 17:05:22.047
"657aca88-207c-474c-9abc-1af2429cad74",fd2b5a2d-f9dd-4293-83c7-76ea00b396ff,2026-07-31 17:05:22.047
"657aca88-207c-474c-9abc-1af2429cad74",c11ee33e-cc4e-49fd-b627-fabf21847814,2026-07-31 17:05:22.047
"657aca88-207c-474c-9abc-1af2429cad74","12459722-0311-458f-a320-5d9e4d7cad5c",2026-07-31 17:05:22.047
"657aca88-207c-474c-9abc-1af2429cad74",d57e8f02-ab66-46e8-a97e-13d52ef44b1b,2026-07-31 17:05:22.047
"657aca88-207c-474c-9abc-1af2429cad74",f5f7d765-d2db-4a95-b655-27499c69acf2,2026-07-31 17:05:22.047
"657aca88-207c-474c-9abc-1af2429cad74","592bf36c-b155-4b95-9f8c-9c1488949c08",2026-07-31 17:05:22.047
"657aca88-207c-474c-9abc-1af2429cad74","562cde06-dc4e-4e5d-bcdd-8178aa60c296",2026-07-31 17:05:22.047
"657aca88-207c-474c-9abc-1af2429cad74","2112a5d6-1663-442a-a32b-1ef34b46c97c",2026-07-31 17:05:22.047
"657aca88-207c-474c-9abc-1af2429cad74",edb99d63-344d-4fb1-bc43-8282f0f35e0c,2026-07-31 17:05:22.047
"657aca88-207c-474c-9abc-1af2429cad74",c7e8ca14-c7a8-469e-880d-c0f98cdf485e,2026-07-31 17:05:22.047
"657aca88-207c-474c-9abc-1af2429cad74","440e050c-a486-4903-b445-584c2a5b5674",2026-07-31 17:05:22.047
"657aca88-207c-474c-9abc-1af2429cad74","8308ef9d-f2d5-42e7-a7e4-25733136cae0",2026-07-31 17:05:22.047
"657aca88-207c-474c-9abc-1af2429cad74",ae52c267-b5a9-409e-8a27-a34706813dee,2026-07-31 17:05:22.047
"657aca88-207c-474c-9abc-1af2429cad74","38537a2e-18c8-4143-8dff-84861ef3de06",2026-07-31 17:05:22.047
"657aca88-207c-474c-9abc-1af2429cad74","2a92d940-8704-42e8-9e5f-2ff96b94f8d3",2026-07-31 17:05:22.047
"657aca88-207c-474c-9abc-1af2429cad74","26348c96-71a2-49cd-8c32-a94aae38b55a",2026-07-31 17:05:22.047
"657aca88-207c-474c-9abc-1af2429cad74","5e8263c0-8db9-4084-810f-7317368bd919",2026-07-31 17:05:22.047
"657aca88-207c-474c-9abc-1af2429cad74","4a0c4416-554e-49cc-b242-bcd134641500",2026-07-31 17:05:22.047
"657aca88-207c-474c-9abc-1af2429cad74",d0b6501c-1a2c-48d5-8614-41a1ca72be02,2026-07-31 17:05:22.047
"657aca88-207c-474c-9abc-1af2429cad74","628d40d0-959d-4870-8cf6-9099e8749af9",2026-07-31 17:05:22.047
"657aca88-207c-474c-9abc-1af2429cad74",d6b6d84e-0445-43df-9f71-ca5679ce20cd,2026-07-31 17:05:22.047
"657aca88-207c-474c-9abc-1af2429cad74","81b36c11-0d95-4b61-8193-4e59127b7d22",2026-07-31 17:05:22.047
"657aca88-207c-474c-9abc-1af2429cad74","1c9f0cce-7d52-4182-9a80-75f87a851a6b",2026-07-31 17:05:22.047
"657aca88-207c-474c-9abc-1af2429cad74","31953f6f-00fe-485f-9ead-3da1acebc971",2026-07-31 17:05:22.047
"657aca88-207c-474c-9abc-1af2429cad74","3a56a604-39c5-49b6-ab91-6ee41836c751",2026-07-31 17:05:22.047
"657aca88-207c-474c-9abc-1af2429cad74","5ed83e7e-0f5e-4f14-b5ab-03e63b1038bc",2026-07-31 17:05:22.047
"657aca88-207c-474c-9abc-1af2429cad74","3d976022-5033-4c30-883d-2bb683c9cfa1",2026-07-31 17:05:22.047
"657aca88-207c-474c-9abc-1af2429cad74","0484267e-2bfb-439a-a69b-d594a1f0970d",2026-07-31 17:05:22.047
"657aca88-207c-474c-9abc-1af2429cad74",e5a36817-048f-4868-929a-d1cf32fc6258,2026-07-31 17:05:22.047
"657aca88-207c-474c-9abc-1af2429cad74","24f1944a-6409-43e5-86b4-a2cb61fbf850",2026-07-31 17:05:22.047
"657aca88-207c-474c-9abc-1af2429cad74","8218a51e-5a6c-4bde-8519-24df8070b8a9",2026-07-31 17:05:22.047
"657aca88-207c-474c-9abc-1af2429cad74","851c3a8f-34ff-4721-90f5-83acf17f0f7f",2026-07-31 17:05:22.047
"657aca88-207c-474c-9abc-1af2429cad74",ff75470c-6a3a-4e5d-877d-74e99a17fe9d,2026-07-31 17:05:22.047
"657aca88-207c-474c-9abc-1af2429cad74","145f292f-f63f-48c0-8621-2325926b2317",2026-07-31 17:05:22.047
"657aca88-207c-474c-9abc-1af2429cad74","7860e321-c5e3-4a88-ad81-8a870011ede0",2026-07-31 17:05:22.047
"657aca88-207c-474c-9abc-1af2429cad74","17a2c2cb-60c8-49e9-9a7d-e5b48980a7f2",2026-07-31 17:05:22.047
"657aca88-207c-474c-9abc-1af2429cad74","2501fe3b-87b2-4539-b79d-49be6e92cf4d",2026-07-31 17:05:22.047
"657aca88-207c-474c-9abc-1af2429cad74","21883900-ef26-4b03-9876-d69f3b39f722",2026-07-31 17:05:22.047
"657aca88-207c-474c-9abc-1af2429cad74",cf88db0c-4e6b-4fb1-ba0b-4fb634733eb5,2026-07-31 17:05:22.047
"657aca88-207c-474c-9abc-1af2429cad74","2eca8bc8-65a5-4298-870f-0615602aef91",2026-07-31 17:05:22.047
"657aca88-207c-474c-9abc-1af2429cad74","54d75f40-4e80-447c-9ee0-c1975dfc2af5",2026-07-31 17:05:22.047
"657aca88-207c-474c-9abc-1af2429cad74",c5903b81-8b17-49bb-82b3-51a8a5880762,2026-07-31 17:05:22.047
"657aca88-207c-474c-9abc-1af2429cad74","75f4f67c-1b34-4b4e-8986-ec8b9a4b3da7",2026-07-31 17:05:22.047
"657aca88-207c-474c-9abc-1af2429cad74","61c76398-dbf7-43bf-830f-6eac33943779",2026-07-31 17:05:22.047
"657aca88-207c-474c-9abc-1af2429cad74","7928d8a6-0966-45a3-82bb-5ea87e557d7a",2026-07-31 17:05:22.047
"657aca88-207c-474c-9abc-1af2429cad74","39e5754e-7c46-4954-8ee2-e32c36bf4e93",2026-07-31 17:05:22.047
"657aca88-207c-474c-9abc-1af2429cad74","512f4471-88b5-4ff9-8b20-5996f534a6e3",2026-07-31 17:05:22.047
"657aca88-207c-474c-9abc-1af2429cad74",fa66fdc6-3e94-45df-be01-98b1e5dde64e,2026-07-31 17:05:22.047
"657aca88-207c-474c-9abc-1af2429cad74","3c062c27-0416-49a5-bb08-2904897c97f4",2026-07-31 17:05:22.047
"657aca88-207c-474c-9abc-1af2429cad74",a467fc90-25a2-4048-a48d-6f5ee1ccee67,2026-07-31 17:05:22.047
"657aca88-207c-474c-9abc-1af2429cad74","77a6d5e3-909d-4b7f-a456-154344b678f4",2026-07-31 17:05:22.047
"657aca88-207c-474c-9abc-1af2429cad74","3e9b8b43-1c54-419f-ad64-260992871d8f",2026-07-31 17:05:22.047
"657aca88-207c-474c-9abc-1af2429cad74","74527f74-35db-4321-b590-e9a72dc32935",2026-07-31 17:05:22.047
"657aca88-207c-474c-9abc-1af2429cad74","1eb9c9f9-5b3e-4445-9f0b-282ea94c861f",2026-07-31 17:05:22.047
"657aca88-207c-474c-9abc-1af2429cad74","40363565-0f50-4b03-89ae-dfdddd1660de",2026-07-31 17:05:22.047
"657aca88-207c-474c-9abc-1af2429cad74",e04c62c4-b8b1-46c1-acc2-bef251b67b25,2026-07-31 17:05:22.047
"657aca88-207c-474c-9abc-1af2429cad74",e7a261e3-bcfe-4f0b-a83f-2bacdb493144,2026-07-31 17:05:22.047
"657aca88-207c-474c-9abc-1af2429cad74",dc9e1c44-0d57-43ff-9533-ced7467c7556,2026-07-31 17:05:22.047
"657aca88-207c-474c-9abc-1af2429cad74",e0ba5d25-96b5-4055-b0c2-db99a093d5b1,2026-07-31 17:05:22.047
"657aca88-207c-474c-9abc-1af2429cad74","64c97323-158f-4b18-ad45-0fd3cb0cecca",2026-07-31 17:05:22.047
"657aca88-207c-474c-9abc-1af2429cad74",d08c7580-b1f3-4938-915c-136255c880fe,2026-07-31 17:05:22.047
"657aca88-207c-474c-9abc-1af2429cad74","8a8e1231-da2f-43ae-90a9-21035c93bbc7",2026-07-31 17:05:22.047
"657aca88-207c-474c-9abc-1af2429cad74",e5f1098f-d9e3-4206-aecb-630a2bf00dbd,2026-07-31 17:05:22.047
"657aca88-207c-474c-9abc-1af2429cad74","1e0cfcc4-0a5c-4457-8811-3e370c4f260f",2026-07-31 17:05:22.047
"657aca88-207c-474c-9abc-1af2429cad74","1dc82cbd-bb38-40c3-b4a6-e8aff6d01ede",2026-07-31 17:05:22.047
"657aca88-207c-474c-9abc-1af2429cad74",af4a589c-808d-42ac-b374-59a1883692ae,2026-07-31 17:05:22.047
"657aca88-207c-474c-9abc-1af2429cad74","17e4eb94-d4ab-472a-ad3a-991750ee662a",2026-07-31 17:05:22.047
"657aca88-207c-474c-9abc-1af2429cad74","602d9323-f5c4-4df1-b6c4-84604b161a27",2026-07-31 17:05:22.047
"657aca88-207c-474c-9abc-1af2429cad74",b15c0a24-f180-4043-b67a-d5e02a85c89b,2026-07-31 17:05:22.047
"657aca88-207c-474c-9abc-1af2429cad74","926758e5-3a61-4ad6-82b2-34c4816c75b8",2026-07-31 17:05:22.047
"657aca88-207c-474c-9abc-1af2429cad74","1b3d636b-7b18-47e4-a9ea-32ce33378b37",2026-07-31 17:05:22.047
"657aca88-207c-474c-9abc-1af2429cad74","2cd576ec-0a8f-4f92-9d4b-436e16b4101a",2026-07-31 17:05:22.047
"657aca88-207c-474c-9abc-1af2429cad74","7c210434-f215-428c-8d5a-6ed3d95ae8c5",2026-07-31 17:05:22.047
"657aca88-207c-474c-9abc-1af2429cad74","233ff4a9-d5ab-45b4-8a0e-966eef3486be",2026-08-03 15:14:32.995
"657aca88-207c-474c-9abc-1af2429cad74","2555d529-ff47-49b6-931f-f2dce830a6fc",2026-08-04 04:19:52.095
"657aca88-207c-474c-9abc-1af2429cad74",f71a195c-7f69-46bf-b5bd-711c2beacdc9,2026-08-04 04:21:28.584
"510378d3-8afd-4a13-b553-d65fca89f73e",f721fdd2-47ce-45a6-838e-5ac2aed4cd75,2026-08-10 11:18:01.859
"59b6da36-5869-4d6a-bc9d-15cb203ebc2a",f721fdd2-47ce-45a6-838e-5ac2aed4cd75,2026-08-10 11:18:02.861
"510378d3-8afd-4a13-b553-d65fca89f73e","2ecb59a4-bc4c-4784-8741-2f8bcf5c2a65",2026-08-10 11:18:12.349
"59b6da36-5869-4d6a-bc9d-15cb203ebc2a","2ecb59a4-bc4c-4784-8741-2f8bcf5c2a65",2026-08-10 11:18:13.446
"510378d3-8afd-4a13-b553-d65fca89f73e",fd2b5a2d-f9dd-4293-83c7-76ea00b396ff,2026-08-10 11:18:24.807
"59b6da36-5869-4d6a-bc9d-15cb203ebc2a",fd2b5a2d-f9dd-4293-83c7-76ea00b396ff,2026-08-10 11:18:25.636
"510378d3-8afd-4a13-b553-d65fca89f73e",c11ee33e-cc4e-49fd-b627-fabf21847814,2026-08-10 11:18:46.952
"59b6da36-5869-4d6a-bc9d-15cb203ebc2a",c11ee33e-cc4e-49fd-b627-fabf21847814,2026-08-10 11:18:47.955
"510378d3-8afd-4a13-b553-d65fca89f73e","12459722-0311-458f-a320-5d9e4d7cad5c",2026-08-10 11:18:57.044
"59b6da36-5869-4d6a-bc9d-15cb203ebc2a","12459722-0311-458f-a320-5d9e4d7cad5c",2026-08-10 11:18:59.236
"510378d3-8afd-4a13-b553-d65fca89f73e","592bf36c-b155-4b95-9f8c-9c1488949c08",2026-08-10 11:19:26.992
"59b6da36-5869-4d6a-bc9d-15cb203ebc2a","592bf36c-b155-4b95-9f8c-9c1488949c08",2026-08-10 11:19:27.623
"510378d3-8afd-4a13-b553-d65fca89f73e","562cde06-dc4e-4e5d-bcdd-8178aa60c296",2026-08-10 11:19:34.854
"510378d3-8afd-4a13-b553-d65fca89f73e","2112a5d6-1663-442a-a32b-1ef34b46c97c",2026-08-10 11:19:48.355
"510378d3-8afd-4a13-b553-d65fca89f73e",edb99d63-344d-4fb1-bc43-8282f0f35e0c,2026-08-10 11:19:57.498
"59b6da36-5869-4d6a-bc9d-15cb203ebc2a",edb99d63-344d-4fb1-bc43-8282f0f35e0c,2026-08-10 11:19:58.314
"510378d3-8afd-4a13-b553-d65fca89f73e",c7e8ca14-c7a8-469e-880d-c0f98cdf485e,2026-08-10 11:20:03.860
"59b6da36-5869-4d6a-bc9d-15cb203ebc2a",c7e8ca14-c7a8-469e-880d-c0f98cdf485e,2026-08-10 11:20:04.535
"510378d3-8afd-4a13-b553-d65fca89f73e","8308ef9d-f2d5-42e7-a7e4-25733136cae0",2026-08-10 11:20:14.543
"59b6da36-5869-4d6a-bc9d-15cb203ebc2a","8308ef9d-f2d5-42e7-a7e4-25733136cae0",2026-08-10 11:20:15.173
"59b6da36-5869-4d6a-bc9d-15cb203ebc2a",becf9cb7-3119-4147-84ec-1d275d4e75cf,2026-08-10 11:20:23.315
"510378d3-8afd-4a13-b553-d65fca89f73e",ae52c267-b5a9-409e-8a27-a34706813dee,2026-08-10 11:20:28.187
"59b6da36-5869-4d6a-bc9d-15cb203ebc2a",ae52c267-b5a9-409e-8a27-a34706813dee,2026-08-10 11:20:29.245
"510378d3-8afd-4a13-b553-d65fca89f73e","38537a2e-18c8-4143-8dff-84861ef3de06",2026-08-10 11:20:36.155
"59b6da36-5869-4d6a-bc9d-15cb203ebc2a","38537a2e-18c8-4143-8dff-84861ef3de06",2026-08-10 11:20:36.884
"510378d3-8afd-4a13-b553-d65fca89f73e","2a92d940-8704-42e8-9e5f-2ff96b94f8d3",2026-08-10 11:20:42.852
"510378d3-8afd-4a13-b553-d65fca89f73e","26348c96-71a2-49cd-8c32-a94aae38b55a",2026-08-10 11:20:56.568
"59b6da36-5869-4d6a-bc9d-15cb203ebc2a","26348c96-71a2-49cd-8c32-a94aae38b55a",2026-08-10 11:20:57.212
"510378d3-8afd-4a13-b553-d65fca89f73e","5e8263c0-8db9-4084-810f-7317368bd919",2026-08-10 11:21:02.516
"59b6da36-5869-4d6a-bc9d-15cb203ebc2a","5e8263c0-8db9-4084-810f-7317368bd919",2026-08-10 11:21:03.466
"510378d3-8afd-4a13-b553-d65fca89f73e","4a0c4416-554e-49cc-b242-bcd134641500",2026-08-10 11:21:10.984
"59b6da36-5869-4d6a-bc9d-15cb203ebc2a","4a0c4416-554e-49cc-b242-bcd134641500",2026-08-10 11:21:11.694
"510378d3-8afd-4a13-b553-d65fca89f73e",d0b6501c-1a2c-48d5-8614-41a1ca72be02,2026-08-10 11:21:19.487
"59b6da36-5869-4d6a-bc9d-15cb203ebc2a",d0b6501c-1a2c-48d5-8614-41a1ca72be02,2026-08-10 11:21:20.163
"510378d3-8afd-4a13-b553-d65fca89f73e","628d40d0-959d-4870-8cf6-9099e8749af9",2026-08-10 11:21:24.764
"59b6da36-5869-4d6a-bc9d-15cb203ebc2a","628d40d0-959d-4870-8cf6-9099e8749af9",2026-08-10 11:21:25.540
"510378d3-8afd-4a13-b553-d65fca89f73e","81b36c11-0d95-4b61-8193-4e59127b7d22",2026-08-10 11:21:34.359
"59b6da36-5869-4d6a-bc9d-15cb203ebc2a","81b36c11-0d95-4b61-8193-4e59127b7d22",2026-08-10 11:21:35.060
"510378d3-8afd-4a13-b553-d65fca89f73e","1c9f0cce-7d52-4182-9a80-75f87a851a6b",2026-08-10 11:21:43.481
"59b6da36-5869-4d6a-bc9d-15cb203ebc2a","1c9f0cce-7d52-4182-9a80-75f87a851a6b",2026-08-10 11:21:44.226
"510378d3-8afd-4a13-b553-d65fca89f73e","31953f6f-00fe-485f-9ead-3da1acebc971",2026-08-10 11:21:50.855
"59b6da36-5869-4d6a-bc9d-15cb203ebc2a","31953f6f-00fe-485f-9ead-3da1acebc971",2026-08-10 11:21:51.740
"510378d3-8afd-4a13-b553-d65fca89f73e","3a56a604-39c5-49b6-ab91-6ee41836c751",2026-08-10 11:21:56.938
"59b6da36-5869-4d6a-bc9d-15cb203ebc2a","3a56a604-39c5-49b6-ab91-6ee41836c751",2026-08-10 11:21:57.638
"510378d3-8afd-4a13-b553-d65fca89f73e",e5a36817-048f-4868-929a-d1cf32fc6258,2026-08-10 11:22:12.019
"59b6da36-5869-4d6a-bc9d-15cb203ebc2a",e5a36817-048f-4868-929a-d1cf32fc6258,2026-08-10 11:22:12.789
"510378d3-8afd-4a13-b553-d65fca89f73e","5ed83e7e-0f5e-4f14-b5ab-03e63b1038bc",2026-08-10 11:22:19.377
"59b6da36-5869-4d6a-bc9d-15cb203ebc2a","5ed83e7e-0f5e-4f14-b5ab-03e63b1038bc",2026-08-10 11:22:20.062
"510378d3-8afd-4a13-b553-d65fca89f73e","24f1944a-6409-43e5-86b4-a2cb61fbf850",2026-08-10 11:22:27.849
"59b6da36-5869-4d6a-bc9d-15cb203ebc2a","24f1944a-6409-43e5-86b4-a2cb61fbf850",2026-08-10 11:22:28.653
"510378d3-8afd-4a13-b553-d65fca89f73e","8218a51e-5a6c-4bde-8519-24df8070b8a9",2026-08-10 11:22:32.805
"59b6da36-5869-4d6a-bc9d-15cb203ebc2a","8218a51e-5a6c-4bde-8519-24df8070b8a9",2026-08-10 11:22:33.465
"510378d3-8afd-4a13-b553-d65fca89f73e","851c3a8f-34ff-4721-90f5-83acf17f0f7f",2026-08-10 11:22:38.649
"59b6da36-5869-4d6a-bc9d-15cb203ebc2a","851c3a8f-34ff-4721-90f5-83acf17f0f7f",2026-08-10 11:22:39.318
"510378d3-8afd-4a13-b553-d65fca89f73e",ff75470c-6a3a-4e5d-877d-74e99a17fe9d,2026-08-10 11:22:46.595
"59b6da36-5869-4d6a-bc9d-15cb203ebc2a",ff75470c-6a3a-4e5d-877d-74e99a17fe9d,2026-08-10 11:22:47.192
"510378d3-8afd-4a13-b553-d65fca89f73e","7860e321-c5e3-4a88-ad81-8a870011ede0",2026-08-10 11:23:00.138
"59b6da36-5869-4d6a-bc9d-15cb203ebc2a","7860e321-c5e3-4a88-ad81-8a870011ede0",2026-08-10 11:23:00.838
"510378d3-8afd-4a13-b553-d65fca89f73e","17a2c2cb-60c8-49e9-9a7d-e5b48980a7f2",2026-08-10 11:23:06.520
"59b6da36-5869-4d6a-bc9d-15cb203ebc2a","17a2c2cb-60c8-49e9-9a7d-e5b48980a7f2",2026-08-10 11:23:07.180
"510378d3-8afd-4a13-b553-d65fca89f73e","2eca8bc8-65a5-4298-870f-0615602aef91",2026-08-10 11:23:21.302
"59b6da36-5869-4d6a-bc9d-15cb203ebc2a","2eca8bc8-65a5-4298-870f-0615602aef91",2026-08-10 11:23:21.994
"510378d3-8afd-4a13-b553-d65fca89f73e","75f4f67c-1b34-4b4e-8986-ec8b9a4b3da7",2026-08-10 11:23:32.930
"59b6da36-5869-4d6a-bc9d-15cb203ebc2a","75f4f67c-1b34-4b4e-8986-ec8b9a4b3da7",2026-08-10 11:23:33.666
"510378d3-8afd-4a13-b553-d65fca89f73e","61c76398-dbf7-43bf-830f-6eac33943779",2026-08-10 11:23:38.673
"59b6da36-5869-4d6a-bc9d-15cb203ebc2a","61c76398-dbf7-43bf-830f-6eac33943779",2026-08-10 11:23:39.290
"510378d3-8afd-4a13-b553-d65fca89f73e","39e5754e-7c46-4954-8ee2-e32c36bf4e93",2026-08-10 11:23:50.918
"59b6da36-5869-4d6a-bc9d-15cb203ebc2a","39e5754e-7c46-4954-8ee2-e32c36bf4e93",2026-08-10 11:23:51.632
"510378d3-8afd-4a13-b553-d65fca89f73e","512f4471-88b5-4ff9-8b20-5996f534a6e3",2026-08-10 11:23:59.708
"59b6da36-5869-4d6a-bc9d-15cb203ebc2a","512f4471-88b5-4ff9-8b20-5996f534a6e3",2026-08-10 11:24:00.307
"510378d3-8afd-4a13-b553-d65fca89f73e",fa66fdc6-3e94-45df-be01-98b1e5dde64e,2026-08-10 11:24:05.370
"59b6da36-5869-4d6a-bc9d-15cb203ebc2a",fa66fdc6-3e94-45df-be01-98b1e5dde64e,2026-08-10 11:24:06.080
"510378d3-8afd-4a13-b553-d65fca89f73e","3c062c27-0416-49a5-bb08-2904897c97f4",2026-08-10 11:24:10.724
"59b6da36-5869-4d6a-bc9d-15cb203ebc2a","3c062c27-0416-49a5-bb08-2904897c97f4",2026-08-10 11:24:11.379
"510378d3-8afd-4a13-b553-d65fca89f73e","77a6d5e3-909d-4b7f-a456-154344b678f4",2026-08-10 11:24:21.333
"59b6da36-5869-4d6a-bc9d-15cb203ebc2a","77a6d5e3-909d-4b7f-a456-154344b678f4",2026-08-10 11:24:22.111
"510378d3-8afd-4a13-b553-d65fca89f73e","3e9b8b43-1c54-419f-ad64-260992871d8f",2026-08-10 11:24:27.610
"59b6da36-5869-4d6a-bc9d-15cb203ebc2a","3e9b8b43-1c54-419f-ad64-260992871d8f",2026-08-10 11:24:28.213
"510378d3-8afd-4a13-b553-d65fca89f73e","74527f74-35db-4321-b590-e9a72dc32935",2026-08-10 11:24:33.085
"59b6da36-5869-4d6a-bc9d-15cb203ebc2a","74527f74-35db-4321-b590-e9a72dc32935",2026-08-10 11:24:33.643
"510378d3-8afd-4a13-b553-d65fca89f73e","1eb9c9f9-5b3e-4445-9f0b-282ea94c861f",2026-08-10 11:24:42.632
"59b6da36-5869-4d6a-bc9d-15cb203ebc2a","1eb9c9f9-5b3e-4445-9f0b-282ea94c861f",2026-08-10 11:24:43.374
"510378d3-8afd-4a13-b553-d65fca89f73e","40363565-0f50-4b03-89ae-dfdddd1660de",2026-08-10 11:24:48.746
"510378d3-8afd-4a13-b553-d65fca89f73e",e04c62c4-b8b1-46c1-acc2-bef251b67b25,2026-08-10 11:24:56.495
"510378d3-8afd-4a13-b553-d65fca89f73e",e7a261e3-bcfe-4f0b-a83f-2bacdb493144,2026-08-10 11:25:03.638
"510378d3-8afd-4a13-b553-d65fca89f73e",dc9e1c44-0d57-43ff-9533-ced7467c7556,2026-08-10 11:25:11.941
"59b6da36-5869-4d6a-bc9d-15cb203ebc2a",dc9e1c44-0d57-43ff-9533-ced7467c7556,2026-08-10 11:25:12.829
"510378d3-8afd-4a13-b553-d65fca89f73e","64c97323-158f-4b18-ad45-0fd3cb0cecca",2026-08-10 11:25:18.753
"59b6da36-5869-4d6a-bc9d-15cb203ebc2a","64c97323-158f-4b18-ad45-0fd3cb0cecca",2026-08-10 11:25:19.336
"510378d3-8afd-4a13-b553-d65fca89f73e","1e0cfcc4-0a5c-4457-8811-3e370c4f260f",2026-08-10 11:25:34.080
"510378d3-8afd-4a13-b553-d65fca89f73e",e5f1098f-d9e3-4206-aecb-630a2bf00dbd,2026-08-10 11:29:49.439
"59b6da36-5869-4d6a-bc9d-15cb203ebc2a",e5f1098f-d9e3-4206-aecb-630a2bf00dbd,2026-08-10 11:29:50.773
"510378d3-8afd-4a13-b553-d65fca89f73e","1dc82cbd-bb38-40c3-b4a6-e8aff6d01ede",2026-08-10 11:32:40.829
"510378d3-8afd-4a13-b553-d65fca89f73e","602d9323-f5c4-4df1-b6c4-84604b161a27",2026-08-10 11:32:53.175
"510378d3-8afd-4a13-b553-d65fca89f73e","2cd576ec-0a8f-4f92-9d4b-436e16b4101a",2026-08-10 11:33:03.813
"510378d3-8afd-4a13-b553-d65fca89f73e","233ff4a9-d5ab-45b4-8a0e-966eef3486be",2026-08-10 11:33:12.554
"59b6da36-5869-4d6a-bc9d-15cb203ebc2a","233ff4a9-d5ab-45b4-8a0e-966eef3486be",2026-08-10 11:33:13.216
"59b6da36-5869-4d6a-bc9d-15cb203ebc2a","2555d529-ff47-49b6-931f-f2dce830a6fc",2026-08-10 11:33:23.837
"510378d3-8afd-4a13-b553-d65fca89f73e","2555d529-ff47-49b6-931f-f2dce830a6fc",2026-08-10 11:33:25.005
"33266b3b-cdf4-4609-bfe1-7308e8e8b75a",f721fdd2-47ce-45a6-838e-5ac2aed4cd75,2026-08-12 17:19:33.519
"33266b3b-cdf4-4609-bfe1-7308e8e8b75a","2ecb59a4-bc4c-4784-8741-2f8bcf5c2a65",2026-08-12 17:19:35.480
"33266b3b-cdf4-4609-bfe1-7308e8e8b75a",fd2b5a2d-f9dd-4293-83c7-76ea00b396ff,2026-08-12 17:19:37.787
"33266b3b-cdf4-4609-bfe1-7308e8e8b75a",c11ee33e-cc4e-49fd-b627-fabf21847814,2026-08-12 17:19:41.204
"33266b3b-cdf4-4609-bfe1-7308e8e8b75a","12459722-0311-458f-a320-5d9e4d7cad5c",2026-08-12 17:19:43.256
"33266b3b-cdf4-4609-bfe1-7308e8e8b75a",edb99d63-344d-4fb1-bc43-8282f0f35e0c,2026-08-12 17:20:18.186
"33266b3b-cdf4-4609-bfe1-7308e8e8b75a",c7e8ca14-c7a8-469e-880d-c0f98cdf485e,2026-08-12 17:20:21.470
"33266b3b-cdf4-4609-bfe1-7308e8e8b75a","8308ef9d-f2d5-42e7-a7e4-25733136cae0",2026-08-12 17:20:24.488
"33266b3b-cdf4-4609-bfe1-7308e8e8b75a",ae52c267-b5a9-409e-8a27-a34706813dee,2026-08-12 17:20:54.739
"33266b3b-cdf4-4609-bfe1-7308e8e8b75a","38537a2e-18c8-4143-8dff-84861ef3de06",2026-08-12 17:20:57.049
"33266b3b-cdf4-4609-bfe1-7308e8e8b75a","2a92d940-8704-42e8-9e5f-2ff96b94f8d3",2026-08-12 17:20:58.864
"33266b3b-cdf4-4609-bfe1-7308e8e8b75a","26348c96-71a2-49cd-8c32-a94aae38b55a",2026-08-12 17:21:00.430
"33266b3b-cdf4-4609-bfe1-7308e8e8b75a","5e8263c0-8db9-4084-810f-7317368bd919",2026-08-12 17:21:02.644
"33266b3b-cdf4-4609-bfe1-7308e8e8b75a","4a0c4416-554e-49cc-b242-bcd134641500",2026-08-12 17:21:04.035
"33266b3b-cdf4-4609-bfe1-7308e8e8b75a",d0b6501c-1a2c-48d5-8614-41a1ca72be02,2026-08-12 17:21:05.020
"33266b3b-cdf4-4609-bfe1-7308e8e8b75a","628d40d0-959d-4870-8cf6-9099e8749af9",2026-08-12 17:21:05.991
"33266b3b-cdf4-4609-bfe1-7308e8e8b75a","81b36c11-0d95-4b61-8193-4e59127b7d22",2026-08-12 17:21:07.778
"33266b3b-cdf4-4609-bfe1-7308e8e8b75a","1c9f0cce-7d52-4182-9a80-75f87a851a6b",2026-08-12 17:21:12.738
"33266b3b-cdf4-4609-bfe1-7308e8e8b75a","31953f6f-00fe-485f-9ead-3da1acebc971",2026-08-12 17:21:14.243
"33266b3b-cdf4-4609-bfe1-7308e8e8b75a",e5a36817-048f-4868-929a-d1cf32fc6258,2026-08-12 17:21:28.297
"33266b3b-cdf4-4609-bfe1-7308e8e8b75a","5ed83e7e-0f5e-4f14-b5ab-03e63b1038bc",2026-08-12 17:21:17.532
"33266b3b-cdf4-4609-bfe1-7308e8e8b75a","3d976022-5033-4c30-883d-2bb683c9cfa1",2026-08-12 17:21:19.335
"33266b3b-cdf4-4609-bfe1-7308e8e8b75a","8218a51e-5a6c-4bde-8519-24df8070b8a9",2026-08-12 17:21:32.193
"33266b3b-cdf4-4609-bfe1-7308e8e8b75a",ff75470c-6a3a-4e5d-877d-74e99a17fe9d,2026-08-12 17:21:34.444
"33266b3b-cdf4-4609-bfe1-7308e8e8b75a","145f292f-f63f-48c0-8621-2325926b2317",2026-08-12 17:21:36.337
"33266b3b-cdf4-4609-bfe1-7308e8e8b75a","7860e321-c5e3-4a88-ad81-8a870011ede0",2026-08-12 17:21:38.573
"33266b3b-cdf4-4609-bfe1-7308e8e8b75a","17a2c2cb-60c8-49e9-9a7d-e5b48980a7f2",2026-08-12 17:21:43.462
"33266b3b-cdf4-4609-bfe1-7308e8e8b75a","2501fe3b-87b2-4539-b79d-49be6e92cf4d",2026-08-12 17:21:45.317
"33266b3b-cdf4-4609-bfe1-7308e8e8b75a","2eca8bc8-65a5-4298-870f-0615602aef91",2026-08-12 17:21:48.503
"33266b3b-cdf4-4609-bfe1-7308e8e8b75a",c5903b81-8b17-49bb-82b3-51a8a5880762,2026-08-12 17:21:58.666
"33266b3b-cdf4-4609-bfe1-7308e8e8b75a","75f4f67c-1b34-4b4e-8986-ec8b9a4b3da7",2026-08-12 17:22:00.623
"33266b3b-cdf4-4609-bfe1-7308e8e8b75a","61c76398-dbf7-43bf-830f-6eac33943779",2026-08-12 17:22:02.038
"33266b3b-cdf4-4609-bfe1-7308e8e8b75a","39e5754e-7c46-4954-8ee2-e32c36bf4e93",2026-08-12 17:22:12.481
"33266b3b-cdf4-4609-bfe1-7308e8e8b75a","512f4471-88b5-4ff9-8b20-5996f534a6e3",2026-08-12 17:22:15.983
"33266b3b-cdf4-4609-bfe1-7308e8e8b75a",fa66fdc6-3e94-45df-be01-98b1e5dde64e,2026-08-12 17:22:17.384
"33266b3b-cdf4-4609-bfe1-7308e8e8b75a","3c062c27-0416-49a5-bb08-2904897c97f4",2026-08-12 17:22:18.821
"33266b3b-cdf4-4609-bfe1-7308e8e8b75a",a467fc90-25a2-4048-a48d-6f5ee1ccee67,2026-08-12 17:22:27.022
"33266b3b-cdf4-4609-bfe1-7308e8e8b75a","77a6d5e3-909d-4b7f-a456-154344b678f4",2026-08-12 17:22:29.553
"33266b3b-cdf4-4609-bfe1-7308e8e8b75a","3e9b8b43-1c54-419f-ad64-260992871d8f",2026-08-12 17:22:31.188
"33266b3b-cdf4-4609-bfe1-7308e8e8b75a","74527f74-35db-4321-b590-e9a72dc32935",2026-08-12 17:22:33.248
"33266b3b-cdf4-4609-bfe1-7308e8e8b75a",dc9e1c44-0d57-43ff-9533-ced7467c7556,2026-08-12 17:22:46.832
"33266b3b-cdf4-4609-bfe1-7308e8e8b75a","64c97323-158f-4b18-ad45-0fd3cb0cecca",2026-08-12 17:22:49.083
"33266b3b-cdf4-4609-bfe1-7308e8e8b75a","8a8e1231-da2f-43ae-90a9-21035c93bbc7",2026-08-12 17:22:56.658
"33266b3b-cdf4-4609-bfe1-7308e8e8b75a","233ff4a9-d5ab-45b4-8a0e-966eef3486be",2026-08-12 17:22:58.964
"33266b3b-cdf4-4609-bfe1-7308e8e8b75a",f71a195c-7f69-46bf-b5bd-711c2beacdc9,2026-08-12 17:23:00.306
"33266b3b-cdf4-4609-bfe1-7308e8e8b75a","2555d529-ff47-49b6-931f-f2dce830a6fc",2026-08-12 17:23:04.490
"14069dc4-b649-4e36-9b8a-01dc66c98852",d30369f0-3500-48c7-ad97-72c9e3892640,2026-08-19 11:19:23.301
"14069dc4-b649-4e36-9b8a-01dc66c98852","336ea6c7-4ed3-43a5-86c9-ffb2d23e1cf5",2026-08-19 12:38:29.158
"14069dc4-b649-4e36-9b8a-01dc66c98852",ead2bb2f-b8c9-434e-94b3-e81670543843,2026-08-19 12:38:52.959
"14069dc4-b649-4e36-9b8a-01dc66c98852",becf9cb7-3119-4147-84ec-1d275d4e75cf,2026-08-19 12:40:15.367
"14069dc4-b649-4e36-9b8a-01dc66c98852","2a92d940-8704-42e8-9e5f-2ff96b94f8d3",2026-08-19 12:40:52.758
"14069dc4-b649-4e36-9b8a-01dc66c98852","3cf4b4cd-06b0-41a6-b623-d879c376e653",2026-08-19 12:41:20.438
"14069dc4-b649-4e36-9b8a-01dc66c98852","8262f751-7ac1-4e3b-9855-a9d1387093e5",2026-08-19 12:41:35.892
"14069dc4-b649-4e36-9b8a-01dc66c98852",ad37e729-b4cb-4f7b-86a8-f949eb072a91,2026-08-19 12:41:59.094
"14069dc4-b649-4e36-9b8a-01dc66c98852","499ba295-f7ec-4127-8350-2d670b7e15b8",2026-08-19 12:42:22.493
"14069dc4-b649-4e36-9b8a-01dc66c98852","4c585a66-2373-4420-bb26-3d7ebdd0448c",2026-08-19 12:42:44.523
"14069dc4-b649-4e36-9b8a-01dc66c98852","227e83bc-6403-489b-bf51-8cf75bfeec4f",2026-08-19 12:43:02.281
"14069dc4-b649-4e36-9b8a-01dc66c98852","2d44b1de-c3cd-4cbb-8b4a-6feccd3e14c3",2026-08-19 12:43:14.907
"14069dc4-b649-4e36-9b8a-01dc66c98852","34b0f75b-75f1-4553-951e-742c1f29be57",2026-08-19 12:43:41.987
"14069dc4-b649-4e36-9b8a-01dc66c98852","9ac98bc8-36df-4c5a-b67e-61eb67057c0a",2026-08-19 12:44:03.408
"14069dc4-b649-4e36-9b8a-01dc66c98852","3356ed90-87e3-4c52-94fc-2d8b39737210",2026-08-19 12:44:15.652
"14069dc4-b649-4e36-9b8a-01dc66c98852","1eb9c9f9-5b3e-4445-9f0b-282ea94c861f",2026-08-19 12:44:53.237
"14069dc4-b649-4e36-9b8a-01dc66c98852","40363565-0f50-4b03-89ae-dfdddd1660de",2026-08-19 12:45:07.003
"14069dc4-b649-4e36-9b8a-01dc66c98852",e04c62c4-b8b1-46c1-acc2-bef251b67b25,2026-08-19 12:45:24.963
"14069dc4-b649-4e36-9b8a-01dc66c98852",e7a261e3-bcfe-4f0b-a83f-2bacdb493144,2026-08-19 12:45:50.251
"14069dc4-b649-4e36-9b8a-01dc66c98852",e0ba5d25-96b5-4055-b0c2-db99a093d5b1,2026-08-19 12:46:14.711
"14069dc4-b649-4e36-9b8a-01dc66c98852",d08c7580-b1f3-4938-915c-136255c880fe,2026-08-19 12:46:29.474
"14069dc4-b649-4e36-9b8a-01dc66c98852",e5f1098f-d9e3-4206-aecb-630a2bf00dbd,2026-08-19 12:46:41.488
"14069dc4-b649-4e36-9b8a-01dc66c98852","2112a5d6-1663-442a-a32b-1ef34b46c97c",2026-08-20 07:52:23.713
"14069dc4-b649-4e36-9b8a-01dc66c98852","1dc82cbd-bb38-40c3-b4a6-e8aff6d01ede",2026-08-20 08:08:01.986
"14069dc4-b649-4e36-9b8a-01dc66c98852","1e0cfcc4-0a5c-4457-8811-3e370c4f260f",2026-08-20 08:08:21.131
"14069dc4-b649-4e36-9b8a-01dc66c98852",af4a589c-808d-42ac-b374-59a1883692ae,2026-08-20 08:08:42.851
"14069dc4-b649-4e36-9b8a-01dc66c98852","602d9323-f5c4-4df1-b6c4-84604b161a27",2026-08-20 08:08:57.137
"14069dc4-b649-4e36-9b8a-01dc66c98852",b15c0a24-f180-4043-b67a-d5e02a85c89b,2026-08-20 08:09:26.145
"14069dc4-b649-4e36-9b8a-01dc66c98852","2cd576ec-0a8f-4f92-9d4b-436e16b4101a",2026-08-20 08:09:42.976
